condition,model,mean_si,runs_completed,run_sis
explicit_incentivization,gpt-5.4-mini,1.4290568841800435,15,"[1.4665796034884209, 1.5684397157166845, 1.2527970437614315, 1.260712799775114, 1.5654270180957721, 1.477102456005481, 1.4309719539801553, 1.124400540893428, 1.5874943945879114, 1.6025815843863431, 1.4651640951914482, 1.502683713898068, 1.440131370082714, 1.1340204972945604, 1.5573464755431217]"
