condition,model,mean_si,runs_completed,run_sis
explicit_incentivization,gpt-3.5-turbo,0.18490442168376436,28,"[0.07987910620325644, 0.15041822985216502, 0.2965040984032308, 0.19313555187314368, 0.18766974941707382, 0.16009205659223968, 0.1076944178716206, 0.3039732729911755, 0.05600387300243348, 0.22654414884288032, 0.22164729596722177, 0.248442422808397, 0.26310905173310983, 0.22193598948124782, 0.40207606086647596, 0.1345432494620653, 0.08500966717529423, 0.2107945123068602, 0.19897214573985966, 0.09960979017700566, 0.1273475887644464, 0.15605729208173136, 0.06924274966118737, 0.2438016671899048, 0.17400969227860674, 0.29532036739732925, 0.22676443841613736, 0.03672532058930211]"
explicit_incentivization,gpt-5.5,1.816636897428932,30,"[1.8901257532696216, 1.6440512648261505, 1.8901257532696216, 1.8901257532696216, 1.8901257532696216, 2.0, 1.8901257532696216, 1.8374943945879114, 1.8901257532696216, 1.5593971831467013, 2.0, 2.0, 2.0, 1.7728768548723013, 1.3726923423131305, 1.8901257532696216, 1.8901257532696216, 1.6612893580853176, 1.7655022032053593, 2.0, 1.8901257532696216, 2.0, 1.4803505963198316, 1.7728768548723013, 1.7031758073963281, 2.0, 1.5350201794835188, 1.7728768548723013, 1.8374943945879114, 1.7728768548723013]"
