model,mean_si,runs_completed,run_sis
gpt-5.4-mini,1.5551088407201377,15,"[1.5676065103715944, 1.5233228248925053, 1.8901257532696216, 1.5695179762781595, 1.2134156498374922, 1.7521839348661428, 1.8374943945879114, 1.7728768548723013, 1.6299127325264329, 1.3912198874224617, 1.3865112353995694, 1.3809094755469182, 1.5546458993447199, 1.5318175407551364, 1.3250719408310974]"
