condition,model,tau,n_samples,mean_si,runs_completed,run_sis
frm_multiturn_reasoning,gpt-5.4-mini,0.2,8,1.1546685936292391,15,"[1.4765303471442304, 1.2508731254735177, 1.3846655024768462, 0.46947270545360364, 1.6749887891758228, 1.2936854420586728, 1.7127912864297707, 0.4688519178810924, 0.7661319698541322, 1.3129715356745701, 1.2459676226338883, 0.7970095817471163, 0.7020643367031834, 1.6749887891758228, 1.089035952556319]"
